id,title,comments,url
amnyr9,Thank you for all the support! Seeing complete strangers care about my situation really warmed my heart.,/r/RoastMe/comments/amnyr9/thank_you_for_all_the_support_seeing_complete/,https://i.redd.it/s2fi2wr7ibe21.jpg
alo3ao,17 years old russian with crippling depression. Give me a reason to end it all.,/r/RoastMe/comments/alo3ao/17_years_old_russian_with_crippling_depression/,https://i.redd.it/oln5unjmhqd21.jpg
7eo0zr,"Roast Comcast, Verizon, and Ajit Pai by joining the fight for Net Neutrality!",/r/RoastMe/comments/7eo0zr/roast_comcast_verizon_and_ajit_pai_by_joining_the/,https://www.battleforthenet.com/
5nkbyc,"We are h3h3productions, professional complainers and YouTube drama queens. Please roast us, appreciate ya.",/r/RoastMe/comments/5nkbyc/we_are_h3h3productions_professional_complainers/,https://i.redd.it/78ckh6a43b9y.jpg
6aeian,Fuck it,/r/RoastMe/comments/6aeian/fuck_it/,https://i.redd.it/rrtrffj0rpwy.jpg
6xzpse,"Look at what you‚Äôve done, r/RoastMe.",/r/RoastMe/comments/6xzpse/look_at_what_youve_done_rroastme/,https://i.redd.it/bgtdedk3nujz.jpg
5dke49,I'm Ken bone. Roast me. You know you want to.,/r/RoastMe/comments/5dke49/im_ken_bone_roast_me_you_know_you_want_to/,http://imgur.com/wEpuWH2
a8vadf,"Remember me, tumor guy? Well surgery is done and I'm still kicking and alive for everyone who's been asking for an update. Now tell me how much better off i was with the tumor.",/r/RoastMe/comments/a8vadf/remember_me_tumor_guy_well_surgery_is_done_and_im/,https://imgur.com/O2whMnW
apf23g,I am the real Slim Shady but i can't stand up.,/r/RoastMe/comments/apf23g/i_am_the_real_slim_shady_but_i_cant_stand_up/,https://i.redd.it/oxak2i8j5xf21.jpg
6alcy1,[META] Today's 'Fuck it' girl has responded to Reddit via her Instagram,/r/RoastMe/comments/6alcy1/meta_todays_fuck_it_girl_has_responded_to_reddit/,https://vgy.me/qhDOiT.png
atsdhf,"24 at 340lb, today i begin to b healthy, give me some motivation",/r/RoastMe/comments/atsdhf/24_at_340lb_today_i_begin_to_b_healthy_give_me/,https://i.redd.it/tolx9qo8i9i21.jpg
adj6yp,"Lol, good luck tryna roast me üòÇüòÇüòÇ",/r/RoastMe/comments/adj6yp/lol_good_luck_tryna_roast_me/,https://i.redd.it/a5zp1rah01921.jpg
7l4cza,"20 and dying of cancer at the reddit HQ, had lunch with Spez, please tear me a new one!",/r/RoastMe/comments/7l4cza/20_and_dying_of_cancer_at_the_reddit_hq_had_lunch/,https://imgur.com/5eQr4et
ag4b2b,"Felt cute, might delete later.",/r/RoastMe/comments/ag4b2b/felt_cute_might_delete_later/,https://i.redd.it/nu5bsip1dia21.png
94vzck,"17, broke my back jumping off an 85 foot cliff into water. My girlfriend is making me get roasted for being a dumbass",/r/RoastMe/comments/94vzck/17_broke_my_back_jumping_off_an_85_foot_cliff/,https://i.redd.it/ju6hycchtce11.jpg
5zs3sn,Do your worst,/r/RoastMe/comments/5zs3sn/do_your_worst/,https://i.redd.it/8oiplkln5tly.jpg
alv17h,Got banned from 4chan and now I don't have anywhere to go to get bullied. It's been a week since someone told me to kill myself and I'm getting too uppity. I'm a full-time meme painter and I smell like I look.,/r/RoastMe/comments/alv17h/got_banned_from_4chan_and_now_i_dont_have/,https://i.redd.it/iuev0pdeytd21.jpg
ajcl9b,Please end me.,/r/RoastMe/comments/ajcl9b/please_end_me/,https://i.redd.it/abl43pqqldc21.jpg
akz0e1,My freind (18 Virgin) dyed his hair blue. Used to be a ginger. he thinks The internet can‚Äôt hurt him. DO YOUR WORST,/r/RoastMe/comments/akz0e1/my_freind_18_virgin_dyed_his_hair_blue_used_to_be/,https://i.redd.it/a8k8q1vuhcd21.jpg
agm4bb,"the ultimate roast is us still being edgy metal heads as adults, but do your worst.",/r/RoastMe/comments/agm4bb/the_ultimate_roast_is_us_still_being_edgy_metal/,https://i.redd.it/jjaju967ysa21.jpg
ar7kvf,Been growing my hair out to donate to children that have cancer. Might as well have fun? Roast me!!,/r/RoastMe/comments/ar7kvf/been_growing_my_hair_out_to_donate_to_children/,https://i.redd.it/3ojf5hl2pwg21.jpg
arf2o4,I may be deaf... but let me hear your roasts!,/r/RoastMe/comments/arf2o4/i_may_be_deaf_but_let_me_hear_your_roasts/,https://i.redd.it/jvttp6kix0h21.jpg
an1hm1,Married / 42 / permenantly pissed off! Do your worst! I've probably heard your shit before.,/r/RoastMe/comments/an1hm1/married_42_permenantly_pissed_off_do_your_worst/,https://i.redd.it/b9amilv0wje21.jpg
a8kh0i,I told my gf about this thread. She said dont spare her.,/r/RoastMe/comments/a8kh0i/i_told_my_gf_about_this_thread_she_said_dont/,https://i.redd.it/nttif4qlpt521.jpg
am1d7a,"Fairly successful (21 M), just finished building my own home and am a fully qualified Baker at age 19. Kids on the block call me FIGJAM, bet you can't take down this powerhouse of win.",/r/RoastMe/comments/am1d7a/fairly_successful_21_m_just_finished_building_my/,https://i.redd.it/t2643k0v6yd21.jpg
auilzi,hit me w your best shot,/r/RoastMe/comments/auilzi/hit_me_w_your_best_shot/,https://i.redd.it/5o7jrbcg5oi21.jpg
4wh245,1 week of roasting you goofy bastards.,/r/RoastMe/comments/4wh245/1_week_of_roasting_you_goofy_bastards/,http://imgur.com/a/ibkCd
ad813u,I only listen to 80s new wave and failed a semester of algebra. Roast me into oblivion.,/r/RoastMe/comments/ad813u/i_only_listen_to_80s_new_wave_and_failed_a/,https://i.redd.it/tg1zhrw3gu821.jpg
ahnwpf,I ain‚Äôt afraid of no roast!!,/r/RoastMe/comments/ahnwpf/i_aint_afraid_of_no_roast/,https://i.redd.it/mtaulc6wweb21.jpg
amf8qg,"My (21) girlfriend wanted to be roasted. She's recently started studying classic literature, also she's a vegetarian. Bring it",/r/RoastMe/comments/amf8qg/my_21_girlfriend_wanted_to_be_roasted_shes/,https://i.redd.it/s3kzk9z2f6e21.jpg
aguyj4,"I Had No Pens, Roast Me",/r/RoastMe/comments/aguyj4/i_had_no_pens_roast_me/,https://i.redd.it/a1pjeyo7gxa21.png
aha3d8,give it your best shot,/r/RoastMe/comments/aha3d8/give_it_your_best_shot/,https://i.redd.it/tvrzz4dkg6b21.jpg
apz2ff,I'm half asian half Scottish and I barely have friends roast me,/r/RoastMe/comments/apz2ff/im_half_asian_half_scottish_and_i_barely_have/,https://i.redd.it/kftqty59p7g21.jpg
aqsf85,"22y/o, I‚Äôm that 1% Filipino who CAN‚ÄôT sing, dance and is not becoming a nurse. Happy Roasting!",/r/RoastMe/comments/aqsf85/22yo_im_that_1_filipino_who_cant_sing_dance_and/,https://i.redd.it/lda7l6iqkng21.jpg
advsd0,19 y.o Electrician from Germany. Roast me like too much Ampere would do! ‚ö°‚ö°,/r/RoastMe/comments/advsd0/19_yo_electrician_from_germany_roast_me_like_too/,https://i.redd.it/9pu1xls958921.jpg
asdv32,I'm 25 but look 16 - point out my flaws,/r/RoastMe/comments/asdv32/im_25_but_look_16_point_out_my_flaws/,https://imgur.com/3jTIBSa
ab1ijm,Roast me and my pizza face. 17 yrs,/r/RoastMe/comments/ab1ijm/roast_me_and_my_pizza_face_17_yrs/,https://i.redd.it/ks7795zo9i721.jpg
as3z48,Roast a Champion,/r/RoastMe/comments/as3z48/roast_a_champion/,https://i.redd.it/n2fv1q7x2fh21.jpg
aq6lga,About to tell my parents I‚Äôm NOT going to med school. Roast me to toughen me up before they roast me.,/r/RoastMe/comments/aq6lga/about_to_tell_my_parents_im_not_going_to_med/,https://i.redd.it/bjfzcli98cg21.jpg
auov3z,"3 years ago to this day, I made a Reddit account for the soul purpose of being roasted. I think you can all do better this time around.",/r/RoastMe/comments/auov3z/3_years_ago_to_this_day_i_made_a_reddit_account/,https://i.redd.it/khjetmwbiri21.jpg
aprhsr,"For two years we‚Äôve been looking, still no flaws, endless perfection!",/r/RoastMe/comments/aprhsr/for_two_years_weve_been_looking_still_no_flaws/,https://i.redd.it/dptqh3idt3g21.jpg
88rao3,If this post gets 10k+ upvotes I will delete u/GallowBoob,/r/RoastMe/comments/88rao3/if_this_post_gets_10k_upvotes_i_will_delete/,https://www.reddit.com/user/GallowBoob/comments/88r6w2/if_this_post_gets_10k_upvotes_i_will_delete/
anqnk4,"Meet Eddie, an aspiring Actor who thinks he looks like Drake. Yesterday, he bet his eyebrows it wouldn‚Äôt rain today. It poured.",/r/RoastMe/comments/anqnk4/meet_eddie_an_aspiring_actor_who_thinks_he_looks/,https://i.redd.it/qh36i2fv8ye21.jpg
at17hv,21. Depressed. Haven't been home in 2 days while studying for exams. Have the entire library to myself. Make me regret living as much as my parents regret using a cheap condom.,/r/RoastMe/comments/at17hv/21_depressed_havent_been_home_in_2_days_while/,https://i.redd.it/a7z5j4ta4wh21.jpg
aogfw8,Try your best I have T H I C C skin,/r/RoastMe/comments/aogfw8/try_your_best_i_have_t_h_i_c_c_skin/,https://i.redd.it/5271oe80icf21.jpg
6kwxnr,We are two 6'2 stoners. Roast us!,/r/RoastMe/comments/6kwxnr/we_are_two_62_stoners_roast_us/,https://i.redd.it/u7ss83tv4a7z.jpg
acckka,"We're Roommates, She is a Vegan",/r/RoastMe/comments/acckka/were_roommates_she_is_a_vegan/,https://i.redd.it/kwzop6an1b821.jpg
ai8mfl,We have a strong friendship. End it.,/r/RoastMe/comments/ai8mfl/we_have_a_strong_friendship_end_it/,https://i.redd.it/8d1lyu67zqb21.jpg
aacn53,I'm a bill collector. Roast your debts away.,/r/RoastMe/comments/aacn53/im_a_bill_collector_roast_your_debts_away/,https://i.redd.it/exuaygpp62721.jpg
aa4ezp,Italian doctor (26) &amp; German Biochem Student (20) - unroastable,/r/RoastMe/comments/aa4ezp/italian_doctor_26_german_biochem_student_20/,https://i.redd.it/lux1pjyolw621.jpg
aoz54h,Roast me because i have no friends to do it for me,/r/RoastMe/comments/aoz54h/roast_me_because_i_have_no_friends_to_do_it_for_me/,https://i.redd.it/7zcqqto47nf21.jpg
4u9btj,"Fuel my artistic turmoil, reddit!",/r/RoastMe/comments/4u9btj/fuel_my_artistic_turmoil_reddit/,http://i.imgur.com/1gyXBZK.jpg
arkgdj,If you say Lennon you lose,/r/RoastMe/comments/arkgdj/if_you_say_lennon_you_lose/,https://i.redd.it/kt70q6egp4h21.jpg
ak0mzq,18 YO Russian. Go hard on me like Vladimir Putin,/r/RoastMe/comments/ak0mzq/18_yo_russian_go_hard_on_me_like_vladimir_putin/,https://i.redd.it/b1enowfbmrc21.jpg
ave6mj,"Socially awkward, insecure, 23 year old vet tech that likes animals more than people. Show me whatcha got!",/r/RoastMe/comments/ave6mj/socially_awkward_insecure_23_year_old_vet_tech/,https://i.redd.it/eqdk5wvyh4j21.jpg
asnw65,End me,/r/RoastMe/comments/asnw65/end_me/,https://i.redd.it/1w946ejbyph21.jpg
92wg0m,"Survived cancer, eighteen today, shoot me down!",/r/RoastMe/comments/92wg0m/survived_cancer_eighteen_today_shoot_me_down/,https://i.redd.it/ysp455gz9xc11.jpg
af97py,"No shirt and a bad haircut, he says bring your best prime roast!",/r/RoastMe/comments/af97py/no_shirt_and_a_bad_haircut_he_says_bring_your/,https://i.redd.it/o0ih2xmnw0a21.jpg
5j439u,"Best of Roast Me, Pt. 10: 300k Subscribers Edition",/r/RoastMe/comments/5j439u/best_of_roast_me_pt_10_300k_subscribers_edition/,http://imgur.com/gallery/KDLk2
a6r6ll,My little sister could stand to be knocked down a few pegs. (F17),/r/RoastMe/comments/a6r6ll/my_little_sister_could_stand_to_be_knocked_down_a/,https://i.redd.it/et02biqlio421.jpg
anchwy,28. Never quite grew out of that high school metal phase. Give me your worst.,/r/RoastMe/comments/anchwy/28_never_quite_grew_out_of_that_high_school_metal/,https://i.redd.it/utnmxxpxxpe21.jpg
aec026,So we roasted KSI. This is the result.,/r/RoastMe/comments/aec026/so_we_roasted_ksi_this_is_the_result/,https://www.youtube.com/watch?v=FznvhFbtdsw
4xkxoi,Week 2 of roasting you turds.,/r/RoastMe/comments/4xkxoi/week_2_of_roasting_you_turds/,http://imgur.com/gallery/d7xvI
acsr2j,"27 year old conspiracy-theory nutcase, borderline celibate, gets clothes at Walmart. Roast me",/r/RoastMe/comments/acsr2j/27_year_old_conspiracytheory_nutcase_borderline/,https://i.redd.it/xv4av4trqk821.jpg
aqhm7f,19 yr old my second gap year,/r/RoastMe/comments/aqhm7f/19_yr_old_my_second_gap_year/,https://i.redd.it/pxpqgviiuhg21.jpg
a9nk7v,Do your worst Reddit. I need some motivation to fix myself.,/r/RoastMe/comments/a9nk7v/do_your_worst_reddit_i_need_some_motivation_to/,https://i.redd.it/alnt0i5snl621.png
aobjq2,Make me cry,/r/RoastMe/comments/aobjq2/make_me_cry/,https://i.redd.it/2otailau49f21.jpg
auybof,"Just turned 18, destroy me before I destroy myself",/r/RoastMe/comments/auybof/just_turned_18_destroy_me_before_i_destroy_myself/,https://i.redd.it/vq7540fkcwi21.jpg
a5ptww,"Sup I‚Äôm John, I‚Äôm 6,4 and I‚Äôve never had a girlfriend, 3 people asked if I was depressed today",/r/RoastMe/comments/a5ptww/sup_im_john_im_64_and_ive_never_had_a_girlfriend/,https://i.redd.it/oke76dpiwy321.jpg
a79inr,"From Russia, maybe that will help you with a good joke :)",/r/RoastMe/comments/a79inr/from_russia_maybe_that_will_help_you_with_a_good/,https://i.redd.it/p2i58s4470521.jpg
4bzeau,"Best of Roast Me, Pt. 7",/r/RoastMe/comments/4bzeau/best_of_roast_me_pt_7/,http://imgur.com/gallery/IXNJ2
a1deg7,"18. I watch hentai recreationally, tear me to shreds",/r/RoastMe/comments/a1deg7/18_i_watch_hentai_recreationally_tear_me_to_shreds/,https://i.redd.it/w8e3fyr6r6121.jpg
aktd5u,Cut all my hair off. Make me regret it,/r/RoastMe/comments/aktd5u/cut_all_my_hair_off_make_me_regret_it/,https://i.redd.it/uah48lddw8d21.jpg
akdbbo,The most handsome guys in Chile,/r/RoastMe/comments/akdbbo/the_most_handsome_guys_in_chile/,https://i.redd.it/touh9h8dpzc21.jpg
ainome,All my friends got roasted yesterday. I feel left out...,/r/RoastMe/comments/ainome/all_my_friends_got_roasted_yesterday_i_feel_left/,https://i.redd.it/sdhbb5wepzb21.jpg
ac4twf,I didn't notice that I was holding the sign upside down :p,/r/RoastMe/comments/ac4twf/i_didnt_notice_that_i_was_holding_the_sign_upside/,https://i.redd.it/zmzmlqx907821.jpg
ald77b,20/m with sub-zero temps‚Äîuniversity closed but still at work Roast Me.,/r/RoastMe/comments/ald77b/20m_with_subzero_tempsuniversity_closed_but_still/,https://i.redd.it/kb8okvsdmkd21.jpg
aor8p4,Have at it fellas :),/r/RoastMe/comments/aor8p4/have_at_it_fellas/,https://i.redd.it/faisjkiktif21.jpg
arvjsr,Completely obliterate what‚Äôs left of my self esteem.,/r/RoastMe/comments/arvjsr/completely_obliterate_whats_left_of_my_self_esteem/,https://i.redd.it/k472nph4rah21.jpg
82t1mz,"16y/o who's been called a lookalike of Bob Ross and Adolf Hitler, come on and destroy me",/r/RoastMe/comments/82t1mz/16yo_whos_been_called_a_lookalike_of_bob_ross_and/,https://i.imgur.com/qpC99Ni.png
amvqtj,I lost my fantasy football league and this is my punishment.,/r/RoastMe/comments/amvqtj/i_lost_my_fantasy_football_league_and_this_is_my/,https://i.redd.it/24d5uunnzfe21.jpg
a9fvtk,Make my friend take double her dose of antidepressants,/r/RoastMe/comments/a9fvtk/make_my_friend_take_double_her_dose_of/,https://i.redd.it/wtrmomdy5g621.jpg
99moop,Apparently I look like the guy from Ratatouille. Roast me!,/r/RoastMe/comments/99moop/apparently_i_look_like_the_guy_from_ratatouille/,https://i.redd.it/nfeabw4czth11.jpg
ata7ae,My life is wonderful. Plz fix this.,/r/RoastMe/comments/ata7ae/my_life_is_wonderful_plz_fix_this/,https://i.redd.it/n93usotmc0i21.jpg
ao1r1t,I'm underweight and insecure. Roast me!,/r/RoastMe/comments/ao1r1t/im_underweight_and_insecure_roast_me/,https://i.redd.it/1dcqgcgdz3f21.jpg
ab8hgx,"Comra–¥e cooking festive dinner, trying to figure out falling apart relationships. Make my parents proud",/r/RoastMe/comments/ab8hgx/comra–¥e_cooking_festive_dinner_trying_to_figure/,https://i.redd.it/1niwxebv1n721.jpg
aeve1e,"22 y/o college dropout and janitor. Bored as hell at work, let em rip",/r/RoastMe/comments/aeve1e/22_yo_college_dropout_and_janitor_bored_as_hell/,https://i.redd.it/q9dlnh0iqs921.jpg
a09uiq,My first post was removed because the mods think I look like I‚Äôm still in middle school,/r/RoastMe/comments/a09uiq/my_first_post_was_removed_because_the_mods_think/,https://i.redd.it/brrls9a38i021.jpg
3hbv98,YouTube Roasts Me Daily. Can You Do Worse?,/r/RoastMe/comments/3hbv98/youtube_roasts_me_daily_can_you_do_worse/,http://i.imgur.com/ArCp41P.jpg
avkhbp,my (20 f) girlfriend wanted to be roasted because she‚Äôs ‚Äòcurious‚Äô please have no mercy,/r/RoastMe/comments/avkhbp/my_20_f_girlfriend_wanted_to_be_roasted_because/,https://i.redd.it/d675dry6c7j21.jpg
ajr6qt,Lmao.,/r/RoastMe/comments/ajr6qt/lmao/,https://i.redd.it/femi2cuyqlc21.jpg
a94voe,43 year old Brit. Conspiracy theorist. Be kind it's Xmas x,/r/RoastMe/comments/a94voe/43_year_old_brit_conspiracy_theorist_be_kind_its/,https://imgur.com/eh2r8iu
ad23tc,My 19 year old friend thinks he can't be roasted,/r/RoastMe/comments/ad23tc/my_19_year_old_friend_thinks_he_cant_be_roasted/,https://i.redd.it/4xvwf62w8q821.jpg
ahi15c,Being roasted is my kink,/r/RoastMe/comments/ahi15c/being_roasted_is_my_kink/,https://i.redd.it/h2klpe8cmab21.jpg
aaterh,"New to reddit, soon to be engineering student, thought this would be a great use of time. Roast me more than my parents did when they put me up for adoption, I dare you.",/r/RoastMe/comments/aaterh/new_to_reddit_soon_to_be_engineering_student/,https://i.redd.it/y5epzencwc721.jpg
3hpnvb,I have readied my anus reddit. Roast away.,/r/RoastMe/comments/3hpnvb/i_have_readied_my_anus_reddit_roast_away/,http://i.imgur.com/L14T4af.jpg
3ms49h,"Best of Roast Me, Pt. 2",/r/RoastMe/comments/3ms49h/best_of_roast_me_pt_2/,http://imgur.com/a/UEgbV
8niake,19 and pregnant. Roast me.,/r/RoastMe/comments/8niake/19_and_pregnant_roast_me/,https://i.redd.it/6gbr328yx6111.jpg
8cmllu,"Overweight father who wears cat shirts, teaches people how to curl, drinks Malort, and enjoys a good fiber cereal now and then. Go ahead and try to shake my confidence.",/r/RoastMe/comments/8cmllu/overweight_father_who_wears_cat_shirts_teaches/,https://i.redd.it/jkucvv6g29s01.jpg
ahybox,I missed my flight. Make me feel worse.,/r/RoastMe/comments/ahybox/i_missed_my_flight_make_me_feel_worse/,https://imgur.com/2jZz4CF
6ahjhq,I have been training for this my whole life!,/r/RoastMe/comments/6ahjhq/i_have_been_training_for_this_my_whole_life/,https://i.redd.it/gyc71mtvcswy.png
aeioe8,"Just got rid of my depression, lets fix that!",/r/RoastMe/comments/aeioe8/just_got_rid_of_my_depression_lets_fix_that/,https://i.redd.it/ebg1wypbal921.jpg
3s1u32,"Introducing Highlights, Best Of's with a theme. Highlights I: The Ladies of /r/RoastMe.",/r/RoastMe/comments/3s1u32/introducing_highlights_best_ofs_with_a_theme/,http://imgur.com/gallery/JkcuK
a48x78,I was told I look like a school shooter,/r/RoastMe/comments/a48x78/i_was_told_i_look_like_a_school_shooter/,https://i.redd.it/yz8droegg0321.jpg
a5cn7j,"Im rich, im handsome, you cant roast me",/r/RoastMe/comments/a5cn7j/im_rich_im_handsome_you_cant_roast_me/,https://i.redd.it/kzd779henq321.jpg
871de6,I found out I share a name with a porn star only after I made all my social media accounts. Roast me.,/r/RoastMe/comments/871de6/i_found_out_i_share_a_name_with_a_porn_star_only/,https://i.redd.it/3160z79ehxn01.jpg
atgyye,20. Extremely underweight. Hate my face and want to cut my hair but can't because religion. Give it your best.,/r/RoastMe/comments/atgyye/20_extremely_underweight_hate_my_face_and_want_to/,https://i.redd.it/dy5n1y7s44i21.jpg
9zey0c,23 yo Graphic Designer and Single Parent. Also a vegan. Do your worst!,/r/RoastMe/comments/9zey0c/23_yo_graphic_designer_and_single_parent_also_a/,https://i.redd.it/31zj04uigwz11.jpg
57un8c,"Best of Roast Me, Pt. 9",/r/RoastMe/comments/57un8c/best_of_roast_me_pt_9/,http://imgur.com/gallery/nUF0h
8wkz05,Wife just left me,/r/RoastMe/comments/8wkz05/wife_just_left_me/,https://i.redd.it/ntdx1wczic811.jpg
5pcmwe,h3h3productions Reacts to their Roast!,/r/RoastMe/comments/5pcmwe/h3h3productions_reacts_to_their_roast/,https://www.youtube.com/watch?v=YbbPeliN4tU
a3h843,I'm a 27 year old community college dropout working as a barista. Make me cry,/r/RoastMe/comments/a3h843/im_a_27_year_old_community_college_dropout/,https://i.redd.it/2p9j0svz8j221.jpg
7eb4qa,My friend just beat lymphoma and thinks she's invincible. Destroy her,/r/RoastMe/comments/7eb4qa/my_friend_just_beat_lymphoma_and_thinks_shes/,https://imgur.com/BR0kdhO
aepy4e,Do it before my ego spills out,/r/RoastMe/comments/aepy4e/do_it_before_my_ego_spills_out/,https://i.redd.it/7uka1m0l2p921.jpg
67w9lq,I am a Belgian TV host. Destroy me. [The best comments will be featured in our show],/r/RoastMe/comments/67w9lq/i_am_a_belgian_tv_host_destroy_me_the_best/,https://i.redd.it/25626xoi44uy.png
843mv3,18 yr old barista &amp; getting a degree in Animation. I run a podcast.,/r/RoastMe/comments/843mv3/18_yr_old_barista_getting_a_degree_in_animation_i/,https://i.redd.it/ss4rmqesuil01.jpg
a2ridm,"Top 1% in Rocket League, top 99% in attractiveness.",/r/RoastMe/comments/a2ridm/top_1_in_rocket_league_top_99_in_attractiveness/,https://imgur.com/SUwfiyc
a394t5,20yo psych major. turkish ethnicity. let's goooo,/r/RoastMe/comments/a394t5/20yo_psych_major_turkish_ethnicity_lets_goooo/,https://i.redd.it/l7yipajs7e221.jpg
avu04g,"25F. Im a teacher, please be more original than the things my students say behind my back!",/r/RoastMe/comments/avu04g/25f_im_a_teacher_please_be_more_original_than_the/,https://i.redd.it/7eeeb1c9lcj21.jpg
av6tsk,Roast my friend. He loves booze and league of legends. He‚Äôs been playing for 8 years and is still silver.,/r/RoastMe/comments/av6tsk/roast_my_friend_he_loves_booze_and_league_of/,https://i.redd.it/t7ewrf8ga0j21.jpg
a7l53b,17 y/o : The roast should match his skin colour,/r/RoastMe/comments/a7l53b/17_yo_the_roast_should_match_his_skin_colour/,https://i.redd.it/itxhm5qcl7521.jpg
a2huwm,"Drown us. Be interesting, unlike this photo",/r/RoastMe/comments/a2huwm/drown_us_be_interesting_unlike_this_photo/,https://i.redd.it/hh39l90htx121.jpg
8rsum6,Roast my dad. His Father‚Äôs Day has been going too well.,/r/RoastMe/comments/8rsum6/roast_my_dad_his_fathers_day_has_been_going_too/,https://i.redd.it/n9fy32elql411.jpg
3qlzgt,"Best of Roast Me, Pt. 3",/r/RoastMe/comments/3qlzgt/best_of_roast_me_pt_3/,http://imgur.com/a/NZ45h
4yvm8s,Week 3 of roasting you wieners.,/r/RoastMe/comments/4yvm8s/week_3_of_roasting_you_wieners/,http://imgur.com/gallery/62LHh
40u042,"Best of Roast Me, Pt. 5",/r/RoastMe/comments/40u042/best_of_roast_me_pt_5/,http://imgur.com/gallery/ZvysF
a3qnyk,History major with thick skin and abs of steel. Do your worst.,/r/RoastMe/comments/a3qnyk/history_major_with_thick_skin_and_abs_of_steel_do/,https://i.redd.it/iuq6ofu9ap221.jpg
6k6ikp,"My ID says 21, but my makeupless face says 15. Burn me to a crisp.",/r/RoastMe/comments/6k6ikp/my_id_says_21_but_my_makeupless_face_says_15_burn/,https://i.redd.it/eckf5v8y0j6z.jpg
905fwy,"Im gay and russian, roast the shit out of me before the locals do it for real",/r/RoastMe/comments/905fwy/im_gay_and_russian_roast_the_shit_out_of_me/,https://i.redd.it/dllsuc9vfwa11.jpg
a6hto3,I lost my home to the Camp Fire and was allowed back today. Roast me harder than what the fire did to my house.,/r/RoastMe/comments/a6hto3/i_lost_my_home_to_the_camp_fire_and_was_allowed/,https://i.redd.it/4pkj4ikjph421.jpg
9bm8s8,I put my camera on a tripod for this,/r/RoastMe/comments/9bm8s8/i_put_my_camera_on_a_tripod_for_this/,https://i.redd.it/or465l08y9j11.jpg
a5vuk5,Give this tub of lard something to die for,/r/RoastMe/comments/a5vuk5/give_this_tub_of_lard_something_to_die_for/,https://i.redd.it/qo4z6a5g33421.jpg
8o9oiv,Obviously I had to post here again on my 18th birthday. Have at it.,/r/RoastMe/comments/8o9oiv/obviously_i_had_to_post_here_again_on_my_18th/,https://i.redd.it/8kj7bescbt111.jpg
8v59sw,"Accidentally deleted my original one. I turn 18 on Monday, I‚Äôm also Autistic. Do your worst üòâ",/r/RoastMe/comments/8v59sw/accidentally_deleted_my_original_one_i_turn_18_on/,https://i.redd.it/l9uam1bqm7711.jpg
9m8fu4,"go ham, my dudes.",/r/RoastMe/comments/9m8fu4/go_ham_my_dudes/,https://i.redd.it/ch04wty9ptq11.jpg
8l1i0w,33 Years old. Single. Lives by himself and does not own a TV. Still plays Clash of Clans.,/r/RoastMe/comments/8l1i0w/33_years_old_single_lives_by_himself_and_does_not/,https://i.redd.it/trf195ld58z01.jpg
4oy0dh,"[META] Can we stop allowing young, insecure kids to post here?",/r/RoastMe/comments/4oy0dh/meta_can_we_stop_allowing_young_insecure_kids_to/,https://www.reddit.com/r/RoastMe/comments/4oy0dh/meta_can_we_stop_allowing_young_insecure_kids_to/
45tfx3,"Best of Roast Me, Pt. 6",/r/RoastMe/comments/45tfx3/best_of_roast_me_pt_6/,http://imgur.com/gallery/lh41N/new
7ayf0p,"My sister thinks she can handle a roast, let her have it.",/r/RoastMe/comments/7ayf0p/my_sister_thinks_she_can_handle_a_roast_let_her/,https://i.redd.it/3js9p6qal6wz.jpg
3hfrwb,"[PROOF] /u/IyeNano, I will treasure it always...",/r/RoastMe/comments/3hfrwb/proof_uiyenano_i_will_treasure_it_always/,http://imgur.com/gsAvDRM
9wzp7l,"16 yo, I quit playing fortnite because it was too difficult. Do your worst",/r/RoastMe/comments/9wzp7l/16_yo_i_quit_playing_fortnite_because_it_was_too/,https://i.redd.it/pz83i55djay11.jpg
aiyuvp,Roast this baked bean,/r/RoastMe/comments/aiyuvp/roast_this_baked_bean/,https://i.redd.it/11jidc6at5c21.jpg
9ysdkt,They lost a drinking game and this is their forfeit. Do your worst.,/r/RoastMe/comments/9ysdkt/they_lost_a_drinking_game_and_this_is_their/,https://i.redd.it/yu0ib6rorhz11.jpg
a7ti6s,roast my bestie,/r/RoastMe/comments/a7ti6s/roast_my_bestie/,https://i.redd.it/cwq5frsiic521.jpg
ag15l2,My friend is new to reddit and thinks your roasts are awful he wants to see your worst. Please go all out he has thick skin. Make him cry.,/r/RoastMe/comments/ag15l2/my_friend_is_new_to_reddit_and_thinks_your_roasts/,https://i.redd.it/55xyvfaxqga21.jpg
9yh89i,Celebrating my cake day on reddit. Try me.,/r/RoastMe/comments/9yh89i/celebrating_my_cake_day_on_reddit_try_me/,https://i.imgur.com/JiA8vYr.jpg
aihotg,My friend is a kpop fangirl and thinks the patriarchy is real. Obliterate her (:,/r/RoastMe/comments/aihotg/my_friend_is_a_kpop_fangirl_and_thinks_the/,https://i.redd.it/2qv59l7vpvb21.png
4qp2tq,"I heard there was a roast, so I brought my own plate.",/r/RoastMe/comments/4qp2tq/i_heard_there_was_a_roast_so_i_brought_my_own/,http://imgur.com/TUdqYdq
ak5yzt,"Hey guys I'm at my bro's birthday today, roast me for no reason pls",/r/RoastMe/comments/ak5yzt/hey_guys_im_at_my_bros_birthday_today_roast_me/,https://i.redd.it/a4dubg86iuc21.jpg
a70cvq,"He browses Reddit while having pineapple pizza, roast him my dudes",/r/RoastMe/comments/a70cvq/he_browses_reddit_while_having_pineapple_pizza/,https://i.redd.it/72hpdlt4ou421.jpg
a9shrf,24 y/o Italian ballet dancer. What you got? üî•,/r/RoastMe/comments/a9shrf/24_yo_italian_ballet_dancer_what_you_got/,https://i.redd.it/lq7wf4ucvo621.jpg
8asl8o,My dad loves r/roastme but seems too happy about this. Let‚Äôs show him what this subreddit is made of,/r/RoastMe/comments/8asl8o/my_dad_loves_rroastme_but_seems_too_happy_about/,https://i.redd.it/qb5vutn3rqq01.jpg
a64pi4,This Indian Hottie Wants To Get Roasted,/r/RoastMe/comments/a64pi4/this_indian_hottie_wants_to_get_roasted/,https://i.redd.it/spq7z9yut8421.jpg
8af7bb,I have muscular dystrophy. Roast me,/r/RoastMe/comments/8af7bb/i_have_muscular_dystrophy_roast_me/,https://i.redd.it/trwwayncfeq01.jpg
7q367u,French Canadian law student in Montr√©al. Make me cry more than my grades.,/r/RoastMe/comments/7q367u/french_canadian_law_student_in_montr√©al_make_me/,https://i.redd.it/arotw8a5fs901.jpg
6e8n0b,Love taylor swift and can't get enough of the twilight series,/r/RoastMe/comments/6e8n0b/love_taylor_swift_and_cant_get_enough_of_the/,https://i.redd.it/5keowens5o0z.jpg
83usim,4‚Äô3 and be creative,/r/RoastMe/comments/83usim/43_and_be_creative/,https://i.redd.it/tv9t3bxgzbl01.jpg
7pqzn7,"I'm Usama, here's your chance to roast a Muslim. I'm a failing comedian so please provide me with some self deprecating humour.",/r/RoastMe/comments/7pqzn7/im_usama_heres_your_chance_to_roast_a_muslim_im_a/,https://i.imgur.com/QJ9TNSa.jpg
9xa9mo,"I‚Äôm an official r/dankmeme mod, you can‚Äôt hurt me more than my uncle did",/r/RoastMe/comments/9xa9mo/im_an_official_rdankmeme_mod_you_cant_hurt_me/,https://i.redd.it/pxyucvpv8hy11.jpg
a20yhr,Can you roast vampires? Let's find out.,/r/RoastMe/comments/a20yhr/can_you_roast_vampires_lets_find_out/,https://i.redd.it/lj48bozf8m121.jpg
8ee9tb,Roasted Rabbit,/r/RoastMe/comments/8ee9tb/roasted_rabbit/,https://i.redd.it/2canzkf6opt01.jpg
3hcvz6,"Best of Roast Me, Pt. I",/r/RoastMe/comments/3hcvz6/best_of_roast_me_pt_i/,http://m.imgur.com/gallery/uKVS0
al4vt7,21 yr old Canadian about to graduate with a degree in biology. Roast me,/r/RoastMe/comments/al4vt7/21_yr_old_canadian_about_to_graduate_with_a/,https://i.redd.it/mzzelbpgifd21.jpg
a00lwd,boutta be a dungeon master for the first time. Roast me nerds,/r/RoastMe/comments/a00lwd/boutta_be_a_dungeon_master_for_the_first_time/,https://i.redd.it/06j1li61jb021.jpg
4i33q6,"Best of Roast Me, Pt. 8",/r/RoastMe/comments/4i33q6/best_of_roast_me_pt_8/,http://imgur.com/gallery/07tRb
8rfgvg,I‚Äôm playing D&amp;D instead of enjoying my vacation: Bring it on.,/r/RoastMe/comments/8rfgvg/im_playing_dd_instead_of_enjoying_my_vacation/,https://i.redd.it/hnwxum6959411.jpg
9wfxhj,make me hate myself :),/r/RoastMe/comments/9wfxhj/make_me_hate_myself/,https://i.redd.it/rd1rukksoxx11.jpg
as2ajh,Currently running a 102.9¬∞ fever....hit me harder than this cold did üòÇ,/r/RoastMe/comments/as2ajh/currently_running_a_1029_feverhit_me_harder_than/,https://i.redd.it/6ju7mjhw9eh21.jpg
a8bi4b,Unleash hell on my buddy. ‚ò†Ô∏èüî•,/r/RoastMe/comments/a8bi4b/unleash_hell_on_my_buddy/,https://i.redd.it/s9a5l83von521.jpg
8n8she,"Posted a couple months ago. Survived first year of uni. I‚Äôm back bitches, give me your worst.",/r/RoastMe/comments/8n8she/posted_a_couple_months_ago_survived_first_year_of/,https://i.redd.it/ukxby2fo10111.jpg
7gnop5,Roast my coworker for finishing last place in fantasy football and not understanding how reddit works.,/r/RoastMe/comments/7gnop5/roast_my_coworker_for_finishing_last_place_in/,https://i.redd.it/ta9n222p65101.jpg
9olrd2,My girlfriend doesn‚Äôt know who I am anymore and I am failing at my dream job. Roast me.,/r/RoastMe/comments/9olrd2/my_girlfriend_doesnt_know_who_i_am_anymore_and_i/,https://i.redd.it/h0gfu2y9gis11.jpg
8z803u,deflate my dyslexic sister‚Äôs huge ego,/r/RoastMe/comments/8z803u/deflate_my_dyslexic_sisters_huge_ego/,https://i.redd.it/w92shh3cn8a11.jpg
a4v79j,31 y/o single guy who takes things and feedbacks too personal sometimes,/r/RoastMe/comments/a4v79j/31_yo_single_guy_who_takes_things_and_feedbacks/,https://i.redd.it/5cy7kx351g321.jpg
9laclf,She says that she can take it,/r/RoastMe/comments/9laclf/she_says_that_she_can_take_it/,https://i.redd.it/nhi9imzi15q11.jpg
adgrom,Roast me,/r/RoastMe/comments/adgrom/roast_me/,https://i.redd.it/3utdwrr5jz821.jpg
a55iog,"I am 18 year old college student and table tennis legend, do your worst",/r/RoastMe/comments/a55iog/i_am_18_year_old_college_student_and_table_tennis/,https://i.redd.it/7qt2m6iigm321.jpg
9xp1ht,"22, vape shop manager, don't go easy on me",/r/RoastMe/comments/9xp1ht/22_vape_shop_manager_dont_go_easy_on_me/,https://i.redd.it/cvg418dlpqy11.jpg
5mrobr,I'm an English major with depression and I was an accident. Do your worst.,/r/RoastMe/comments/5mrobr/im_an_english_major_with_depression_and_i_was_an/,https://i.reddituploads.com/cbb48ca937b44d458ba20dc5951c6e4d?fit=max&amp;h=1536&amp;w=1536&amp;s=cf32d9df01c93f297266c8afdc883551
6uf4af,We're a group of people that think they're smart who do dumb shit on a regular basis. Give us your all.,/r/RoastMe/comments/6uf4af/were_a_group_of_people_that_think_theyre_smart/,https://i.redd.it/9e6kgpg5wegz.jpg
3vi1q3,"Best of Roast Me, Pt. 4",/r/RoastMe/comments/3vi1q3/best_of_roast_me_pt_4/,http://imgur.com/a/X5d5o
9e8a4k,"I'm ASMR Glow, go ham, answers will be read on my Twitch Livestream (Tuesday 11th Sept)",/r/RoastMe/comments/9e8a4k/im_asmr_glow_go_ham_answers_will_be_read_on_my/,https://i.redd.it/p75i9g9wf3l11.jpg
9nsw7o,"I'm an Orphaned, Antisocial Musician. Plz Toast me, Roasters. I will rate ur skill 1-10",/r/RoastMe/comments/9nsw7o/im_an_orphaned_antisocial_musician_plz_toast_me/,https://i.redd.it/tes45zm9nxr11.png
63qtl3,"I'm drunk, fuck it",/r/RoastMe/comments/63qtl3/im_drunk_fuck_it/,https://i.redd.it/gin9eqra2vpy.jpg
87wq90,I'm 17 and six feet tall with the body of a praying mantis. Literally made a Reddit account just for this.,/r/RoastMe/comments/87wq90/im_17_and_six_feet_tall_with_the_body_of_a/,https://i.redd.it/gcktfl29clo01.png
7g14ja,My school is only 13% female and I still can't get laid. Roast me,/r/RoastMe/comments/7g14ja/my_school_is_only_13_female_and_i_still_cant_get/,https://i.redd.it/9xpmhjifym001.jpg
77u2xt,I'm looking for a dark roast here,/r/RoastMe/comments/77u2xt/im_looking_for_a_dark_roast_here/,https://imgur.com/Ftsb6y4
8gzrfp,"Her best friend slept with her ex, she‚Äôs had a bad week. Make it worse with the best roasts y‚Äôall got",/r/RoastMe/comments/8gzrfp/her_best_friend_slept_with_her_ex_shes_had_a_bad/,https://i.redd.it/u8ezbemlpuv01.jpg
3hez2c,Destroy me the way I've destroyed my knees,/r/RoastMe/comments/3hez2c/destroy_me_the_way_ive_destroyed_my_knees/,http://i.imgur.com/IINlUJG.jpg
4glc5q,[Meta] Roast Me made the news!,/r/RoastMe/comments/4glc5q/meta_roast_me_made_the_news/,http://imgur.com/9tF3J3Y
7qlv9k,Our names are both Jordan. Roast us.,/r/RoastMe/comments/7qlv9k/our_names_are_both_jordan_roast_us/,https://i.redd.it/v7p74xao3aa01.jpg
5jtnrx,I'm 20 years old and mum still buys me my clothes. Roast me,/r/RoastMe/comments/5jtnrx/im_20_years_old_and_mum_still_buys_me_my_clothes/,http://i.imgur.com/RYy8bNW.jpg
a5imq9,"‚ÄúIf I don‚Äôt jump off a bridge by the end of the week, you aren‚Äôt doing your job right‚Äù - My friend",/r/RoastMe/comments/a5imq9/if_i_dont_jump_off_a_bridge_by_the_end_of_the/,https://i.redd.it/om12liczxu321.jpg
6azgy8,Excited to be roasted for the first time. Show me what you've got!,/r/RoastMe/comments/6azgy8/excited_to_be_roasted_for_the_first_time_show_me/,https://i.redd.it/xq3fcesfdbxy.jpg
5z2u85,"In order from left to right, homosexual, 5‚Äô8‚Äù, frat boy, boyscout. Four engineering college freshman. Do your worst",/r/RoastMe/comments/5z2u85/in_order_from_left_to_right_homosexual_58_frat/,https://i.redd.it/s9w6q1e1g3ly.jpg
92gjm3,"25 year old, uncharismatic stripper with major depressive disorder and anxiety. Do your thing I guess",/r/RoastMe/comments/92gjm3/25_year_old_uncharismatic_stripper_with_major/,https://i.redd.it/hgohnl7c6kc11.jpg
62mt7t,r/roastme caricatures for March 2017,/r/RoastMe/comments/62mt7t/rroastme_caricatures_for_march_2017/,http://imgur.com/UGo36Da
9corrg,An anxious femoid which is starting school tomorrow. Make her kill herself faster.,/r/RoastMe/comments/9corrg/an_anxious_femoid_which_is_starting_school/,https://i.redd.it/9odkqljbz2k11.jpg
7rb4fz,"23, Latvian, bee farmer. Fuck me up.",/r/RoastMe/comments/7rb4fz/23_latvian_bee_farmer_fuck_me_up/,https://i.redd.it/qg4vdi85yua01.jpg
6h1nzq,"20 year old Mechanical Engineering Student. First time, don't be gentle",/r/RoastMe/comments/6h1nzq/20_year_old_mechanical_engineering_student_first/,https://i.redd.it/r6ydhacldg3z.jpg
9v4nlv,"(19F) Just totaled my car, parents kicking me out, and I don‚Äôt have a job. Make me feel worse, Reddit!",/r/RoastMe/comments/9v4nlv/19f_just_totaled_my_car_parents_kicking_me_out/,https://i.redd.it/sdbkm2u2uzw11.jpg
9jn7jo,roast my friends bf,/r/RoastMe/comments/9jn7jo/roast_my_friends_bf/,https://i.redd.it/6dm5lgkckzo11.jpg
60hipw,"18 year old catholic school girl who loves poetry, binge drinking, and anything unconventional. roast me.",/r/RoastMe/comments/60hipw/18_year_old_catholic_school_girl_who_loves_poetry/,http://imgur.com/o59St7f
a30lxz,My friend makes tick tocks in his spare time.,/r/RoastMe/comments/a30lxz/my_friend_makes_tick_tocks_in_his_spare_time/,https://i.redd.it/i6p7g7myh9221.jpg
7f7ztv,"Constant source of misery, supposed web developer, actual dwarf",/r/RoastMe/comments/7f7ztv/constant_source_of_misery_supposed_web_developer/,https://i.redd.it/qxhzpovouxzz.jpg
a820wu,"C'mon and roast me! I'm a 19 y/o from Norway, do your best",/r/RoastMe/comments/a820wu/cmon_and_roast_me_im_a_19_yo_from_norway_do_your/,https://i.redd.it/gyslzf2rrh521.jpg
7hyeuz,"r/roastme caricatures, November 2017",/r/RoastMe/comments/7hyeuz/rroastme_caricatures_november_2017/,https://i.redd.it/kx3mpvmdcb201.jpg
5yo61v,"Just became a doctor, I'm feeling invincible, give me your best.",/r/RoastMe/comments/5yo61v/just_became_a_doctor_im_feeling_invincible_give/,https://i.redd.it/69dhnsknumky.jpg
9w8x6x,Boyfriend doesn‚Äôt pleasure me enough,/r/RoastMe/comments/9w8x6x/boyfriend_doesnt_pleasure_me_enough/,https://i.redd.it/l9yusd99ksx11.jpg
a4fir5,I love roasts so much! Hurt my feelings if you can!,/r/RoastMe/comments/a4fir5/i_love_roasts_so_much_hurt_my_feelings_if_you_can/,https://i.redd.it/cq85glvqv4321.jpg
8yxoty,"My friend says my face looks like Bin Laden raped a Disney character, roast me harder if you can",/r/RoastMe/comments/8yxoty/my_friend_says_my_face_looks_like_bin_laden_raped/,https://i.imgur.com/3uQAIhtr.jpg
7p7l09,"Bought Microsoft Word for ¬£120 when uni provides it for free, bring it on Reddit.",/r/RoastMe/comments/7p7l09/bought_microsoft_word_for_120_when_uni_provides/,https://i.redd.it/b4gu7asc32901.jpg
615raf,Show this bamboozler what you've got,/r/RoastMe/comments/615raf/show_this_bamboozler_what_youve_got/,http://imgur.com/erYmM64
9qnvu1,Junior Doctor just qualified. I get insulted by my patients with dementia on a daily basis. See if you can do better.,/r/RoastMe/comments/9qnvu1/junior_doctor_just_qualified_i_get_insulted_by_my/,https://i.redd.it/z43kr2143xt11.jpg
8cv5ex,"African kid with white privilege. My girlfriend is my ex and she won't tell her family about me. Atheist, final year of school, need to die soon. Go to a therapist once a week. Roast me, need some laughs during school.",/r/RoastMe/comments/8cv5ex/african_kid_with_white_privilege_my_girlfriend_is/,https://i.imgur.com/U9nwW3L.jpg
8a120c,Destroy me.,/r/RoastMe/comments/8a120c/destroy_me/,https://i.redd.it/7igsh6ur74q01.jpg
9w1mdl,"Were drunk af, do your worst!!!",/r/RoastMe/comments/9w1mdl/were_drunk_af_do_your_worst/,https://i.redd.it/ejvb3k4u8nx11.jpg
a4lz7j,"Forgot I had work today, had to come straight from taking my family‚Äôs Christmas card (we all wore matching pajamas)",/r/RoastMe/comments/a4lz7j/forgot_i_had_work_today_had_to_come_straight_from/,https://i.redd.it/gh8vsq2rz9321.jpg
9wqypi,"Over 70, do your worst!",/r/RoastMe/comments/9wqypi/over_70_do_your_worst/,https://i.redd.it/u79mdr6os4y11.png
6eq2zq,Reddit is my life. I'm the good looking type of Redditor,/r/RoastMe/comments/6eq2zq/reddit_is_my_life_im_the_good_looking_type_of/,https://i.redd.it/r15wg2l6u31z.jpg
9o1ncc,Got the haircut and the sexual maturity of a 14 year old. Roast me,/r/RoastMe/comments/9o1ncc/got_the_haircut_and_the_sexual_maturity_of_a_14/,https://i.redd.it/713ei3nlj4s11.jpg
7caihi,Pregnant and dressed up for a wedding I can‚Äôt drink at.. need some entertainment!,/r/RoastMe/comments/7caihi/pregnant_and_dressed_up_for_a_wedding_i_cant/,https://i.redd.it/2pcsmopggexz.jpg
99zhqj,"17 y/o, 5' tall, half Thai half Dutch girl here, roast me",/r/RoastMe/comments/99zhqj/17_yo_5_tall_half_thai_half_dutch_girl_here_roast/,https://i.redd.it/ie0vuajcv2i11.jpg
7hrfh4,Roast me,/r/RoastMe/comments/7hrfh4/roast_me/,https://i.redd.it/hxm2huri75201.jpg
7xly89,My boyfriend cheated on me and I'm currently on medical leave from work. I need a laugh. Do your fucking worst,/r/RoastMe/comments/7xly89/my_boyfriend_cheated_on_me_and_im_currently_on/,https://i.redd.it/pe7fg9bk99g01.jpg
8i674e,25yo working with simulated vaginal ultrasound...,/r/RoastMe/comments/8i674e/25yo_working_with_simulated_vaginal_ultrasound/,https://i.redd.it/fxmg4whm6uw01.jpg
8jdky1,19-year old heavily handicapped german guy waiting for some nice comments!,/r/RoastMe/comments/8jdky1/19year_old_heavily_handicapped_german_guy_waiting/,https://i.redd.it/st2sw1w2kux01.jpg
9ksarc,My friend‚Äôs punishment for scoring the least points in my fantasy football league,/r/RoastMe/comments/9ksarc/my_friends_punishment_for_scoring_the_least/,https://i.redd.it/8sb95gnfxsp11.jpg
6wbhqz,17 year old from Greeceüá¨üá∑ destroy my self esteem,/r/RoastMe/comments/6wbhqz/17_year_old_from_greece_destroy_my_self_esteem/,https://i.redd.it/6ukako0za9iz.jpg
96xcza,"My friend is a lesbian tomboy fuckboy, roast her ass Reddit!",/r/RoastMe/comments/96xcza/my_friend_is_a_lesbian_tomboy_fuckboy_roast_her/,https://i.redd.it/6qlbjdb2euf11.jpg
8r04zj,Roast me hard,/r/RoastMe/comments/8r04zj/roast_me_hard/,https://i.redd.it/lp6e0jnrbx311.jpg
7g7fef,Recently diagnosed with cancer and now I only have one testicle and a nasty scar. I Could use a self-esteem boost and I hear you guys are really nice.,/r/RoastMe/comments/7g7fef/recently_diagnosed_with_cancer_and_now_i_only/,https://i.redd.it/5tinuvib5s001.jpg
8b0gcy,Reddit do your worst! He faked having a girlfriend for months.,/r/RoastMe/comments/8b0gcy/reddit_do_your_worst_he_faked_having_a_girlfriend/,https://i.redd.it/vw9qz8qs8xq01.jpg
9zsngo,Mr. untouchable or so he says,/r/RoastMe/comments/9zsngo/mr_untouchable_or_so_he_says/,https://i.redd.it/5qquruavm5021.jpg
9t8ntf,irish lad just lost his braces. cremate him,/r/RoastMe/comments/9t8ntf/irish_lad_just_lost_his_braces_cremate_him/,https://i.redd.it/qa8hpj8eipv11.jpg
8heocn,Just turned 24... Roast me cunts,/r/RoastMe/comments/8heocn/just_turned_24_roast_me_cunts/,https://i.redd.it/o8lgth4x28w01.jpg
8dg712,"I Have A Python And A Popeye's Dinner Box, Nothing Can Tear Me Down",/r/RoastMe/comments/8dg712/i_have_a_python_and_a_popeyes_dinner_box_nothing/,https://i.redd.it/t1b4j4b0cws01.jpg
9ob1iu,I eat a banana every day. Roast me.,/r/RoastMe/comments/9ob1iu/i_eat_a_banana_every_day_roast_me/,https://i.redd.it/97jqsixbfbs11.jpg
aki4t5,"We play DND every Sunday, roast us.",/r/RoastMe/comments/aki4t5/we_play_dnd_every_sunday_roast_us/,https://i.redd.it/auk5vdnxc2d21.jpg
9y8sf3,"The father and son duo, man on left been there 30 years man on right his son. Give them your best shot",/r/RoastMe/comments/9y8sf3/the_father_and_son_duo_man_on_left_been_there_30/,https://i.redd.it/dlfyohfq25z11.jpg
7omz5l,Me and my friend got cheated on by our wives. Make us feel loved.,/r/RoastMe/comments/7omz5l/me_and_my_friend_got_cheated_on_by_our_wives_make/,https://i.redd.it/2gnmsfbhbj801.jpg
8knjdy,"24 yo from Spain. Just subscribed, I'm sure you guys aren't that good.",/r/RoastMe/comments/8knjdy/24_yo_from_spain_just_subscribed_im_sure_you_guys/,https://i.redd.it/fmrm7k2h7vy01.jpg
6dv4zu,Make my gf hotter for bed time fun,/r/RoastMe/comments/6dv4zu/make_my_gf_hotter_for_bed_time_fun/,https://i.redd.it/mhs7ngd25a0z.jpg
4p61w9,Changing the minimum age rule,/r/RoastMe/comments/4p61w9/changing_the_minimum_age_rule/,https://www.reddit.com/r/RoastMe/comments/4p61w9/changing_the_minimum_age_rule/
9aw3wd,‚ÄúInsert obvious Oreo joke here‚Äù,/r/RoastMe/comments/9aw3wd/insert_obvious_oreo_joke_here/,https://i.redd.it/dc7iulznnri11.jpg
82lfl5,"I know you guys can roast my 6'10"" ass better than last time. ROAST ME",/r/RoastMe/comments/82lfl5/i_know_you_guys_can_roast_my_610_ass_better_than/,https://i.redd.it/yzjm1eknm9k01.jpg
6rkqew,"Hair's still wet, just like your pussy",/r/RoastMe/comments/6rkqew/hairs_still_wet_just_like_your_pussy/,http://i.imgur.com/n1b4dDK.jpg
98hsn7,"17, family has been roasting me all day, line forms to the left",/r/RoastMe/comments/98hsn7/17_family_has_been_roasting_me_all_day_line_forms/,https://i.redd.it/omw9rr9vazg11.jpg
5p1jv1,"I'm short, gay, middle eastern and my family hates me. But I wear oversized hats to cover the biggest insecurity of all.",/r/RoastMe/comments/5p1jv1/im_short_gay_middle_eastern_and_my_family_hates/,https://i.redd.it/qn59bryddsay.jpg
9p1qww,19. College dropout. Living alone. Roast me like you mean it.,/r/RoastMe/comments/9p1qww/19_college_dropout_living_alone_roast_me_like_you/,https://i.redd.it/grswfxgoqss11.jpg
9eep8x,Go to town please!,/r/RoastMe/comments/9eep8x/go_to_town_please/,https://i.redd.it/mbiky6goy8l11.jpg
8gto1f,Bonus points if the roast ain't about terrorism,/r/RoastMe/comments/8gto1f/bonus_points_if_the_roast_aint_about_terrorism/,https://i.redd.it/ftykjec6dpv01.jpg
6o8hft,I will present a schoolwork to my whole class about Reddit. Help me show them what a lovely community you are.,/r/RoastMe/comments/6o8hft/i_will_present_a_schoolwork_to_my_whole_class/,https://i.redd.it/c9ycxecqxjaz.jpg
6llh3f,"Roast me worse than the chemo did (3x). Type 2 diabetic, heart failure, 26 yo.",/r/RoastMe/comments/6llh3f/roast_me_worse_than_the_chemo_did_3x_type_2/,https://i.redd.it/rltgwnk9wy7z.jpg
3sf40v,Pornhub intern tomorrow! What're her chances?,/r/RoastMe/comments/3sf40v/pornhub_intern_tomorrow_whatre_her_chances/,http://i.imgur.com/KGiuU0Z.jpg
8hoqd0,"I‚Äôm 32, writing a novel inspired by my first and only DMT trip, and I manage a Smoke/Sex shop. Get it lit!",/r/RoastMe/comments/8hoqd0/im_32_writing_a_novel_inspired_by_my_first_and/,https://i.redd.it/pfenk69elgw01.jpg
67gd76,I am a 37 year old woman who looks like a man and dresses like a child. Have at it!,/r/RoastMe/comments/67gd76/i_am_a_37_year_old_woman_who_looks_like_a_man_and/,https://i.redd.it/kc9d7nfq5pty.jpg
77nik5,Good luck nerds,/r/RoastMe/comments/77nik5/good_luck_nerds/,https://i.redd.it/j3mjclfmp0tz.jpg
3incit,"Please stop submitting pictures of a god damn turkey, or a god damn chicken, joke roasts will get removed.",/r/RoastMe/comments/3incit/please_stop_submitting_pictures_of_a_god_damn/,https://www.reddit.com/r/RoastMe/comments/3incit/please_stop_submitting_pictures_of_a_god_damn/
80y4lj,I have four cats and a clit piercing,/r/RoastMe/comments/80y4lj/i_have_four_cats_and_a_clit_piercing/,https://i.redd.it/dtytw22suzi01.jpg
76sbcr,17 year old. Never had a date.,/r/RoastMe/comments/76sbcr/17_year_old_never_had_a_date/,https://i.redd.it/e4d4a23ue8sz.jpg
9z2jnl,"Studying 4 A Levels, need something else to cry about",/r/RoastMe/comments/9z2jnl/studying_4_a_levels_need_something_else_to_cry/,https://i.redd.it/zeb65ink9oz11.jpg
4y75o6,have fun fuckers,/r/RoastMe/comments/4y75o6/have_fun_fuckers/,https://i.reddituploads.com/cdf80490fb7b46d2a97ab884b220419e?fit=max&amp;h=1536&amp;w=1536&amp;s=47ddbebb8906347adedd1c5eac80a1ce
6e0nyk,"r/roastme caricatures, May 2017",/r/RoastMe/comments/6e0nyk/rroastme_caricatures_may_2017/,https://imgur.com/a/Nehg0
5irz8r,I'm a 16 year old student. I just lost my virginity. Rip me a new asshole. Obliterate me. Make me cry.,/r/RoastMe/comments/5irz8r/im_a_16_year_old_student_i_just_lost_my_virginity/,https://i.reddituploads.com/3e76635215e64338ba14afcea2fb1e89?fit=max&amp;h=1536&amp;w=1536&amp;s=94534d6389c2d687febc91d1c01b475b
8hf7nx,Reminder: The Bystander Rule aka. Stop roasting people not holding the sign you twats,/r/RoastMe/comments/8hf7nx/reminder_the_bystander_rule_aka_stop_roasting/,https://www.reddit.com/r/RoastMe/comments/8hf7nx/reminder_the_bystander_rule_aka_stop_roasting/
9k8n00,Wife and kids are out of town for the weekend and I'm alone on my birthday today....Happy Roasting.,/r/RoastMe/comments/9k8n00/wife_and_kids_are_out_of_town_for_the_weekend_and/,https://i.redd.it/nlouf29n4fp11.jpg
99e0yu,"I'm an eighteen year old cancer survivor from Nepal. I like DnD, rap, and am short. Shake my self confidence.",/r/RoastMe/comments/99e0yu/im_an_eighteen_year_old_cancer_survivor_from/,https://i.redd.it/lnb3wfvcsnh11.jpg
9eny25,I‚Äôm going to make a YouTube video where I make comebacks so I need to be roasted,/r/RoastMe/comments/9eny25/im_going_to_make_a_youtube_video_where_i_make/,https://i.redd.it/ydmn82cxefl11.jpg
9xhprz,I lost my virginity with a prostitute. Roast me,/r/RoastMe/comments/9xhprz/i_lost_my_virginity_with_a_prostitute_roast_me/,https://i.redd.it/5yv1n1wmnly11.jpg
a0mc4v,"Just got off work, roast me",/r/RoastMe/comments/a0mc4v/just_got_off_work_roast_me/,https://i.redd.it/4s4cccjy3q021.jpg
68d1ma,My nick name in high school was Alexis Texas.,/r/RoastMe/comments/68d1ma/my_nick_name_in_high_school_was_alexis_texas/,https://i.redd.it/prrxyxy8iluy.jpg
7lhrr2,none of my siblings are home to bully me so bring it,/r/RoastMe/comments/7lhrr2/none_of_my_siblings_are_home_to_bully_me_so_bring/,https://i.redd.it/ho5mbttnih501.jpg
6s039n,7'1 aspiring tennis player r/roastme,/r/RoastMe/comments/6s039n/71_aspiring_tennis_player_rroastme/,https://i.redd.it/7vwiit3yw5ez.png
8ylvkl,I've got nothing better to do today,/r/RoastMe/comments/8ylvkl/ive_got_nothing_better_to_do_today/,https://i.redd.it/h5j51t4j1r911.jpg
a29xah,We've been friends for 20 years. Roast us,/r/RoastMe/comments/a29xah/weve_been_friends_for_20_years_roast_us/,https://imgur.com/hL2GS6F
6rtzam,"Entirely too full of herself, complains about not having friends, ignores them endlessly. Roast this scumfuck üíï",/r/RoastMe/comments/6rtzam/entirely_too_full_of_herself_complains_about_not/,https://i.redd.it/lxk17fqm8zdz.jpg
7a3spl,"27, engaged, lives at home, plays video games, and this is my punishment for sucking at fantasy golf. Unroastable. Take your shot bitch.",/r/RoastMe/comments/7a3spl/27_engaged_lives_at_home_plays_video_games_and/,https://i.redd.it/rkn4cy94gdvz.jpg
86dfvz,Come up with something better than ‚ÄòLesbian Harry Potter‚Äô,/r/RoastMe/comments/86dfvz/come_up_with_something_better_than_lesbian_harry/,https://i.redd.it/kboful5dqcn01.jpg
4clncr,"Hey reddit, ro[A]st me!",/r/RoastMe/comments/4clncr/hey_reddit_roast_me/,http://i.imgur.com/JObiLan.jpg
6fg8u5,"26, recovering meth addict living in a halfway house. SHOW ME WHAT YOU GOT!",/r/RoastMe/comments/6fg8u5/26_recovering_meth_addict_living_in_a_halfway/,https://i.redd.it/0l9m9sgwiv1z.jpg
6yrlxh,"I'm 22 years old, still play World of Warcraft, have a black belt, work in IT and I think fight clubs are cool. Also, I accidentally sent a dick pic to a group chat",/r/RoastMe/comments/6yrlxh/im_22_years_old_still_play_world_of_warcraft_have/,https://imgur.com/Qwp5vPJ
3olos6,"""If someone makes fun of the man bun I swear to god""",/r/RoastMe/comments/3olos6/if_someone_makes_fun_of_the_man_bun_i_swear_to_god/,http://imgur.com/goOe49T
7xz1uj,It‚Äôs Friday bitches! Nothing can bring me down,/r/RoastMe/comments/7xz1uj/its_friday_bitches_nothing_can_bring_me_down/,https://i.redd.it/30bl84th4lg01.jpg
6jye1x,I'M BACK!! And it's my birthday so please give me the perfect gift!,/r/RoastMe/comments/6jye1x/im_back_and_its_my_birthday_so_please_give_me_the/,https://i.redd.it/oai5w07egb6z.jpg
7vgvv3,Mormon who got stood up at prom. End him,/r/RoastMe/comments/7vgvv3/mormon_who_got_stood_up_at_prom_end_him/,https://i.redd.it/qcbaoij0wfe01.jpg
6bqbm8,"Left to right: I'm an art student and she's a chef. Roast us, u cucks.",/r/RoastMe/comments/6bqbm8/left_to_right_im_an_art_student_and_shes_a_chef/,http://imgur.com/a/uGzXu
87982n,can u tell i like being choked,/r/RoastMe/comments/87982n/can_u_tell_i_like_being_choked/,https://i.redd.it/rx7eqr9g44o01.jpg
7dc0wf,Do your worst assholes. Haven't had a good cry in a while,/r/RoastMe/comments/7dc0wf/do_your_worst_assholes_havent_had_a_good_cry_in_a/,https://i.redd.it/4iisyiyuxbyz.jpg
7v2uwr,I'm a 32 year old virgin. Fire away!,/r/RoastMe/comments/7v2uwr/im_a_32_year_old_virgin_fire_away/,https://imgur.com/rXvcsM7
4ypr8p,Roast me and my long lost cousin!,/r/RoastMe/comments/4ypr8p/roast_me_and_my_long_lost_cousin/,https://i.reddituploads.com/8a7498b2b336400bb5c9d09a723b5498?fit=max&amp;h=1536&amp;w=1536&amp;s=74ebf0a7593c6777a49bcc1c28b50a4f
93i756,"Just recently got told that I look like the friend in romantic comedies that never gets the girl, now I want to see what other clever burns people can come up with! Bring on your worst Reddit!",/r/RoastMe/comments/93i756/just_recently_got_told_that_i_look_like_the/,https://i.redd.it/dv2h2yr9hcd11.jpg
81elej,"Leap year baby that just turned 18, do your thing reddit",/r/RoastMe/comments/81elej/leap_year_baby_that_just_turned_18_do_your_thing/,https://i.redd.it/x4ope9bb2dj01.jpg
9smq5g,"He says nothing can hurt him. Help me out here, make him cry please.",/r/RoastMe/comments/9smq5g/he_says_nothing_can_hurt_him_help_me_out_here/,https://i.redd.it/tfpti967zav11.jpg
94owb4,Let's see what you'll got?,/r/RoastMe/comments/94owb4/lets_see_what_youll_got/,https://i.redd.it/pzcsucwrz6e11.jpg
8vcicr,Been roasted three times but never really felt insulted... now please demolish this chess club president who got a 1560 on his SAT,/r/RoastMe/comments/8vcicr/been_roasted_three_times_but_never_really_felt/,https://i.redd.it/geoinmnf4e711.jpg
9fqs6j,Italian student. Will be 18 next month. Does magic tricks with cards and thinks his hair look good. Gimme your best shot,/r/RoastMe/comments/9fqs6j/italian_student_will_be_18_next_month_does_magic/,https://i.redd.it/0pio3jroi6m11.jpg
8mtv6j,Hit me like the dirty swines you are.,/r/RoastMe/comments/8mtv6j/hit_me_like_the_dirty_swines_you_are/,https://i.redd.it/3wiq4x8v7o011.jpg
5tqt1v,"I'm 16, 5'5, and 93 lbs. Don't participate if you're not going to be a savage.",/r/RoastMe/comments/5tqt1v/im_16_55_and_93_lbs_dont_participate_if_youre_not/,https://i.reddituploads.com/9fbab82525a44653bada819cf15bbdc0?fit=max&amp;h=1536&amp;w=1536&amp;s=3beefc012da0fa2d9443bc0cc2e1af05
9schgq,entertain us!,/r/RoastMe/comments/9schgq/entertain_us/,https://i.redd.it/8a1ert7384v11.jpg
