index,post_id,comment_id,name,body,author,permalink,created,ups,score,is_submitter
0,alv17h,efhlqfe,t1_efhlqfe,You look like a hobbit on welfare.,personpitch85,/r/RoastMe/comments/alv17h/got_banned_from_4chan_and_now_i_dont_have/efhlqfe/,1549015195.0,3471,3471,False
1,alv17h,efh79s8,t1_efh79s8,"Compared to the paintings behind you, your face is still the most abstract thing on this picture. ",TheWisestTesticle,/r/RoastMe/comments/alv17h/got_banned_from_4chan_and_now_i_dont_have/efh79s8/,1549002719.0,14081,14081,False
2,alv17h,efhb3k5,t1_efhb3k5,"Paintbrushes are cool, but did you know they have them for teeth and hair now?",albertcamoot,/r/RoastMe/comments/alv17h/got_banned_from_4chan_and_now_i_dont_have/efhb3k5/,1549005507.0,5225,5225,False
3,alv17h,efh77m4,t1_efh77m4,Apparently you got banned from using the trash can too,Ldavis502,/r/RoastMe/comments/alv17h/got_banned_from_4chan_and_now_i_dont_have/efh77m4/,1549002676.0,9417,9417,False
4,alv17h,efhbssq,t1_efhbssq,"Hey man, i think you accidentally got some floor under your garbage ",west0n585,/r/RoastMe/comments/alv17h/got_banned_from_4chan_and_now_i_dont_have/efhbssq/,1549006388.0,12232,12232,False
5,alv17h,efh9w3z,t1_efh9w3z,You look like you'll eventually cut off both your ears to impress a CPR dummy you find in a dumpster outside a YWCA.,Fondren_Richmond,/r/RoastMe/comments/alv17h/got_banned_from_4chan_and_now_i_dont_have/efh9w3z/,1549004608.0,1657,1657,False
6,alv17h,efhjjx1,t1_efhjjx1,This is the kind of kid you get when the pre cum gets there first.,mourninshift,/r/RoastMe/comments/alv17h/got_banned_from_4chan_and_now_i_dont_have/efhjjx1/,1549013444.0,4656,4656,False
7,alv17h,efh80m2,t1_efh80m2,How much allowance do your parents give you?,Xis_a_dong,/r/RoastMe/comments/alv17h/got_banned_from_4chan_and_now_i_dont_have/efh80m2/,1549003250.0,2941,2941,False
8,alv17h,efh7ibh,t1_efh7ibh,"r/NeckbeardNests 

B&amp; from 4chan for posting loli paintings.",CalvinSpurge,/r/RoastMe/comments/alv17h/got_banned_from_4chan_and_now_i_dont_have/efh7ibh/,1549002889.0,2400,2400,False
9,alv17h,efh781w,t1_efh781w,"I can’t imagine how many crusty, old Cheetos you eat out of that beard.",LadOfTheCentury,/r/RoastMe/comments/alv17h/got_banned_from_4chan_and_now_i_dont_have/efh781w/,1549002685.0,735,735,False
10,alv17h,efh7bme,t1_efh7bme,I fear for how much liquid in those cans are actual drink and not just dehydrated piss ,Ujiuu,/r/RoastMe/comments/alv17h/got_banned_from_4chan_and_now_i_dont_have/efh7bme/,1549002756.0,714,714,False
11,alv17h,efh8ao0,t1_efh8ao0,"So, are those paintings of your victims?",veganslacktivist,/r/RoastMe/comments/alv17h/got_banned_from_4chan_and_now_i_dont_have/efh8ao0/,1549003446.0,783,783,False
12,alv17h,efh778v,t1_efh778v,"Well buddy, you've already done all of our work for us, just be careful 

I hope you find the strength to leave this meth habit behind. Get better!",Predador_De_Perereca,/r/RoastMe/comments/alv17h/got_banned_from_4chan_and_now_i_dont_have/efh778v/,1549002669.0,2594,2594,False
13,alv17h,efhd566,t1_efhd566,You literally are 4chan,NotKoreanSpy,/r/RoastMe/comments/alv17h/got_banned_from_4chan_and_now_i_dont_have/efhd566/,1549008244.0,463,463,False
14,alv17h,efh74q9,t1_efh74q9,"Jesse Pinkman’s hillbilly cousin. Meth addiction runs in the family, I can tell by your teeth. ",ktcees,/r/RoastMe/comments/alv17h/got_banned_from_4chan_and_now_i_dont_have/efh74q9/,1549002620.0,587,587,False
15,alv17h,efh7ld0,t1_efh7ld0,"You look like you were conceived during a threesome between ""Bill and Ted"" and an Amish chick.",mrcrazy2u,/r/RoastMe/comments/alv17h/got_banned_from_4chan_and_now_i_dont_have/efh7ld0/,1549002948.0,146,146,False
16,alv17h,efh812j,t1_efh812j,You’re one dreadlock away from asking me to borrow my phone at a bassnectar concert ,YungBallSack,/r/RoastMe/comments/alv17h/got_banned_from_4chan_and_now_i_dont_have/efh812j/,1549003260.0,1334,1334,False
17,alv17h,efhadlv,t1_efhadlv,"I don’t know for a fact you make paint brushes with your pubes, I just know you do.",NashParadise,/r/RoastMe/comments/alv17h/got_banned_from_4chan_and_now_i_dont_have/efhadlv/,1549004973.0,141,141,False
18,alv17h,efhjhtp,t1_efhjhtp,How much of a fuckup do you gotta be to get banned from 4chan? ,Sack_J_Pedicy,/r/RoastMe/comments/alv17h/got_banned_from_4chan_and_now_i_dont_have/efhjhtp/,1549013397.0,124,124,False
19,alv17h,efhbliz,t1_efhbliz,You look like the reason stranger danger exists ,Emerald456,/r/RoastMe/comments/alv17h/got_banned_from_4chan_and_now_i_dont_have/efhbliz/,1549006096.0,59,59,False
20,alv17h,efh7ilq,t1_efh7ilq,A full time meme painter sounds like a promising career for someone who lives in their grandmas basement.,Ryanh0190,/r/RoastMe/comments/alv17h/got_banned_from_4chan_and_now_i_dont_have/efh7ilq/,1549002895.0,157,157,False
21,alv17h,efhbo18,t1_efhbo18,I can't roast someone who has an Elon smoking meme painter. ,Vespei,/r/RoastMe/comments/alv17h/got_banned_from_4chan_and_now_i_dont_have/efhbo18/,1549006191.0,102,102,False
22,alv17h,efhjtru,t1_efhjtru,You look like the .01% of germs that Lysol does not kill. ,wesleycharlessmith,/r/RoastMe/comments/alv17h/got_banned_from_4chan_and_now_i_dont_have/efhjtru/,1549013666.0,188,188,False
23,alv17h,efheeob,t1_efheeob,"*""What the hell kind of degenerate gets banned from 4chan...*""

*""oh""*

",PM_ME_ARGUMENTS69,/r/RoastMe/comments/alv17h/got_banned_from_4chan_and_now_i_dont_have/efheeob/,1549009324.0,34,34,False
24,alv17h,efhjrop,t1_efhjrop,You look like Gallagher fucked one of his watermelons.,evilkumquat,/r/RoastMe/comments/alv17h/got_banned_from_4chan_and_now_i_dont_have/efhjrop/,1549013621.0,35,35,False
25,alv17h,efh9if0,t1_efh9if0,Clean your damn room. Shit you want ants? Cause thats how you get ants,Griefer420Troll,/r/RoastMe/comments/alv17h/got_banned_from_4chan_and_now_i_dont_have/efh9if0/,1549004323.0,140,140,False
26,alv17h,efhb5be,t1_efhb5be,A dirtbag's dirtbag's dirtbag,TrickyLeg,/r/RoastMe/comments/alv17h/got_banned_from_4chan_and_now_i_dont_have/efhb5be/,1549005545.0,28,28,False
27,alv17h,efh7wf2,t1_efh7wf2,Found cum bottle guy,SerpentsGold,/r/RoastMe/comments/alv17h/got_banned_from_4chan_and_now_i_dont_have/efh7wf2/,1549003167.0,59,59,False
28,alv17h,efhbcsq,t1_efhbcsq,"I simply don't know where to begin.

You've succeeded in overloading my ability to criticize. ",Warlizard,/r/RoastMe/comments/alv17h/got_banned_from_4chan_and_now_i_dont_have/efhbcsq/,1549005792.0,59,59,False
29,alv17h,efhjrj7,t1_efhjrj7,&gt;imagine getting banished to plebbit,Turdburger13,/r/RoastMe/comments/alv17h/got_banned_from_4chan_and_now_i_dont_have/efhjrj7/,1549013617.0,53,53,False
30,alv17h,efhaaaj,t1_efhaaaj,"If you truly smelled like you look, those pictures on the wall would be vomiting. ",syntroll,/r/RoastMe/comments/alv17h/got_banned_from_4chan_and_now_i_dont_have/efhaaaj/,1549004906.0,19,19,False
31,alv17h,efhabvt,t1_efhabvt,How many rats did you have to eat to get that monstrosity of a beard?,Elliott_The_Chicken,/r/RoastMe/comments/alv17h/got_banned_from_4chan_and_now_i_dont_have/efhabvt/,1549004938.0,40,40,False
32,alv17h,efhh0h9,t1_efhh0h9,"Your artistic ability and cleaning ability are on the same level. You look like the type of person to blow their nose into their beard, paint with their dreadlocks, and wouldn't notice if the toilet paper went missing.",help_im_average,/r/RoastMe/comments/alv17h/got_banned_from_4chan_and_now_i_dont_have/efhh0h9/,1549011400.0,16,16,False
33,alv17h,efi99cm,t1_efi99cm,"You choose to draw silly art because you are afraid of failure. You don’t really want to be judged so you hide behind this persona of trash and memes so that when you are roasted, you can comment with self deprecating humor because the roast is actually of the character you are presenting. Not of yourself. 

You really do enjoy making art and the fact you hang it up on your wall, in an organized way, is your tell. 

Cigarettes and booze help lubricate your pain. And yet your teeth aren’t yellowed nor are your gums suffering. Why is that? Is this pain recent to you? 

You chose not to pick up the trash because you wanted to offer low hanging fruit and never expected anyone to roast anything about you that you didn’t carefully create to be roasted. But I see you.


Also, cut your fucking hair and get rid of that matted up rat tail on your face. You look like Gimli and Legolas had a FAS baby. 


",southernwx,/r/RoastMe/comments/alv17h/got_banned_from_4chan_and_now_i_dont_have/efi99cm/,1549040009.0,14,14,False
34,alv17h,efh94q7,t1_efh94q7,You look like Bill Burr if developed a meth habit and fell off the wagon,iGotEDfromAComercial,/r/RoastMe/comments/alv17h/got_banned_from_4chan_and_now_i_dont_have/efh94q7/,1549004048.0,29,29,False
35,alv17h,efhee9q,t1_efhee9q,I can smell this photo. ,TasteOfJace,/r/RoastMe/comments/alv17h/got_banned_from_4chan_and_now_i_dont_have/efhee9q/,1549009315.0,28,28,False
36,alv17h,efhfb43,t1_efhfb43,The floor is the least trashy thing in this picture. ,mcrabb23,/r/RoastMe/comments/alv17h/got_banned_from_4chan_and_now_i_dont_have/efhfb43/,1549010035.0,13,13,False
37,alv17h,efhij2w,t1_efhij2w,Banned from 4chan? Jeez I thought pedophilia was dieing.,CommanderLucario,/r/RoastMe/comments/alv17h/got_banned_from_4chan_and_now_i_dont_have/efhij2w/,1549012623.0,12,12,False
38,alv17h,efheo9l,t1_efheo9l,Considering the way you look at the camera I'm surprised the background drawings aren't furry porn.,D4rK69,/r/RoastMe/comments/alv17h/got_banned_from_4chan_and_now_i_dont_have/efheo9l/,1549009533.0,14,14,False
39,alv17h,efhfbpv,t1_efhfbpv,"No female ever has, or ever will step in that room of her own free will. Genuinely look like a serial killer.",JesterUK1901,/r/RoastMe/comments/alv17h/got_banned_from_4chan_and_now_i_dont_have/efhfbpv/,1549010048.0,26,26,False
40,alv17h,efhk3e8,t1_efhk3e8,Bob Ross thinks you’re a mistake,MankeyStank,/r/RoastMe/comments/alv17h/got_banned_from_4chan_and_now_i_dont_have/efhk3e8/,1549013878.0,35,35,False
41,alv17h,efhdydq,t1_efhdydq,You're everything the Baby Boomer Generation hates about modern society with a ginger touch.  I'm starting to understand Baby Boomers now.,hazyyy1,/r/RoastMe/comments/alv17h/got_banned_from_4chan_and_now_i_dont_have/efhdydq/,1549008952.0,19,19,False
42,alv17h,efh85x0,t1_efh85x0,"You said it yourself, the only way you found yourself to be somewhat useful to society is by painting internet trends. 
Happy cake day otherwise",IdFuckStephenTries,/r/RoastMe/comments/alv17h/got_banned_from_4chan_and_now_i_dont_have/efh85x0/,1549003354.0,10,10,False
43,alv17h,efhcgg3,t1_efhcgg3,Dude....just...pick up your trash. Do it for the memes. ,Forzara,/r/RoastMe/comments/alv17h/got_banned_from_4chan_and_now_i_dont_have/efhcgg3/,1549007410.0,9,9,False
44,alv17h,efhfm7l,t1_efhfm7l,I’m sorry your parents didn’t pay more attention to you during their divorce. It was your fault.,zuccmybuns,/r/RoastMe/comments/alv17h/got_banned_from_4chan_and_now_i_dont_have/efhfm7l/,1549010281.0,11,11,False
45,alv17h,efi0vdv,t1_efi0vdv,"Nah this is my last cigarette, sorry mate. ",Flazdude,/r/RoastMe/comments/alv17h/got_banned_from_4chan_and_now_i_dont_have/efi0vdv/,1549028671.0,11,11,False
46,alv17h,efh9fn5,t1_efh9fn5,"How many sexually ambiguous self portraits have you created, anyway?",PoliticallyDeclined,/r/RoastMe/comments/alv17h/got_banned_from_4chan_and_now_i_dont_have/efh9fn5/,1549004267.0,9,9,False
47,alv17h,efhg9up,t1_efhg9up,"Go outside! I know it's been awhile, and it won't fix your eyes, teeth, nose, or addictions...but air is good.",MNVikingsFan4Life,/r/RoastMe/comments/alv17h/got_banned_from_4chan_and_now_i_dont_have/efhg9up/,1549010814.0,8,8,False
48,alv17h,efhnr0v,t1_efhnr0v,"You're gross. Of course. This is the obvious choice. This is your version of ""making fun of myself before others can""

Well, the difference is that you are sad. And what is worse than being sad? Being gross. 

&amp;#x200B;

I can't blame you though. Looking into the mirror has to be torture. To know that what you are looking at (what you are as a person) is better off with the trash on than the trash off. 

&amp;#x200B;

You're the type of person that dies in their apartment from some hoarding related death but isn't found until 2 weeks later because no one was looking for you. 

And when the neighbors are asked how they didn't notice the smell of a decaying body, they will say ""well, it always smelled like that."" 

&amp;#x200B;

Looks like you're killing it at this thing called life. But I don't know if I can call this a life. This is less than life. 

So for now, you rot. You rot like you always have and when that sad, gross, but also relieving day comes the only things the people around you will be able to truthfully say is that your looks matched your life. A sad life wasted away in your own filth (figuratively and literally) 

Have a good one, Oscar! Keep pretending this is you being ""different"" or ""quirky"" and ignore that fact that you gave up on your life a long time ago.

&amp;#x200B;

Also your paintings blow

&amp;#x200B;",thepeachfromCMBYN,/r/RoastMe/comments/alv17h/got_banned_from_4chan_and_now_i_dont_have/efhnr0v/,1549016833.0,72,72,False
49,alv17h,efh7r3k,t1_efh7r3k,Dude. Shave that fucking beard and clean up the hair. You look like a homeless drug addict,Manatee_Madness,/r/RoastMe/comments/alv17h/got_banned_from_4chan_and_now_i_dont_have/efh7r3k/,1549003063.0,36,36,False
50,alv17h,efhaoiq,t1_efhaoiq,"""The broken Kimmy Schmidt""",snarrk,/r/RoastMe/comments/alv17h/got_banned_from_4chan_and_now_i_dont_have/efhaoiq/,1549005194.0,7,7,False
51,alv17h,efhik6g,t1_efhik6g,you're the reason why Bernie lost.,Shawtywatudrank,/r/RoastMe/comments/alv17h/got_banned_from_4chan_and_now_i_dont_have/efhik6g/,1549012648.0,9,9,False
52,alv17h,efhl285,t1_efhl285,[deleted],[deleted],/r/RoastMe/comments/alv17h/got_banned_from_4chan_and_now_i_dont_have/efhl285/,1549014653.0,8,8,False
53,alv17h,efi0sih,t1_efi0sih,"You look like your favorite past times include, cave painting, discovering fire and running away from wooly mammoths - caveman looking ass nigga.",Oh-Get-Fucked,/r/RoastMe/comments/alv17h/got_banned_from_4chan_and_now_i_dont_have/efi0sih/,1549028584.0,8,8,False
54,alv17h,efhgl69,t1_efhgl69,Looks like the crack kid hit puberty,Riley-Faulknier,/r/RoastMe/comments/alv17h/got_banned_from_4chan_and_now_i_dont_have/efhgl69/,1549011065.0,6,6,False
55,alv17h,efhh967,t1_efhh967,"Is your room just 4 pieces of drywall you stacked on top of a junkyard? 

Do you pee in bottles? You look like you pee in bottles. ",Kunundrum85,/r/RoastMe/comments/alv17h/got_banned_from_4chan_and_now_i_dont_have/efhh967/,1549011593.0,8,8,False
56,alv17h,efhhs1o,t1_efhhs1o,You look like an amalgamate of everything that would disappoint one's mother. ,TJsmash,/r/RoastMe/comments/alv17h/got_banned_from_4chan_and_now_i_dont_have/efhhs1o/,1549012017.0,8,8,False
57,alv17h,efhlwv6,t1_efhlwv6,"Maybe you wouldn’t smell like shit if you didn’t have so much garbage in your room, the floor is a shitty mess too",CameronSpacehead,/r/RoastMe/comments/alv17h/got_banned_from_4chan_and_now_i_dont_have/efhlwv6/,1549015338.0,7,7,False
58,alv17h,efhxm4c,t1_efhxm4c,If you didn't spend all your money on k you could afford some art lessons you wook,Akolyte01,/r/RoastMe/comments/alv17h/got_banned_from_4chan_and_now_i_dont_have/efhxm4c/,1549025314.0,7,7,False
59,alv17h,efhiijx,t1_efhiijx,Nice meth den you got there ,mak112112,/r/RoastMe/comments/alv17h/got_banned_from_4chan_and_now_i_dont_have/efhiijx/,1549012612.0,6,6,False
